Feature,Importance
qscore,0.4222222222222222
wyciyh,0.35555555555555557
pta_avg,0.08888888888888889
pta_right_avg,0.08888888888888889
right4000,0.022222222222222223
pta_left_avg,0.022222222222222223
right2000,0.0
right1000,0.0
left4000,0.0
left2000,0.0
left1000,0.0
ffahs,0.0
AgeAtTest,0.0
fafmc,0.0
hpyfs,0.0
mfaf,0.0
tut,0.0
gender_female,0.0
gender_male,0.0
gender_mostly_female,0.0
gender_mostly_male,0.0
gender_unknown,0.0
