Feature,Importance
pta_avg,0.2755102040816326
qscore,0.21428571428571427
right4000,0.1326530612244898
pta_right_avg,0.11224489795918367
pta_left_avg,0.09183673469387756
left4000,0.061224489795918366
right2000,0.04081632653061224
left2000,0.030612244897959183
fafmc,0.02040816326530612
AgeAtTest,0.02040816326530612
right1000,0.0
left1000,0.0
ffahs,0.0
tut,0.0
wyciyh,0.0
mfaf,0.0
hpyfs,0.0
gender_female,0.0
gender_male,0.0
gender_mostly_female,0.0
gender_mostly_male,0.0
gender_unknown,0.0
