Feature,Importance
qscore,0.4909666053843985
wyciyh,0.3804165390823576
pta_avg,0.05039609810951904
pta_right_avg,0.04902834214636822
right4000,0.014602904871119269
AgeAtTest,0.012329182003624475
left4000,0.002260328402612885
right1000,0.0
left1000,0.0
left2000,0.0
right2000,0.0
ffahs,0.0
tut,0.0
fafmc,0.0
pta_left_avg,0.0
mfaf,0.0
hpyfs,0.0
gender_female,0.0
gender_male,0.0
gender_mostly_female,0.0
gender_mostly_male,0.0
gender_unknown,0.0
